<?xml version="1.0" encoding="UTF-8"?>
<extentreports>
	<configuration>
		<!-- report theme -->
		<!-- standard, dark -->
		<theme>dark</theme>

		<!-- document encoding -->
		<!-- defaults to UTF-8 -->
		<encoding>UTF-8</encoding>

		<!-- enable or disable timeline on dashboard -->
		<enableTimeline>true</enableTimeline>

		<!-- protocol for script and stylesheets -->
		<!-- defaults to https -->
		<protocol>https</protocol>

		<!-- title of the document -->
		<documentTitle>Extent-Spark</documentTitle>

		<!-- report name - displayed at top-nav -->
		<reportName>INCUBYTE TEST AUTOMATION REPORT </reportName>

		<!-- location of charts in the test view -->
		<!-- top, bottom -->
		<testViewChartLocation>bottom</testViewChartLocation>

		<!-- create a report with all artifacts stored locally -->
		<enableOfflineMode>true</enableOfflineMode>
		<enableCategoryView>true</enableCategoryView>
		<enableAuthorView>true</enableAuthorView>
		<enableExceptionView>true</enableExceptionView>
		<enableTestRunnerLogsView>true</enableTestRunnerLogsView>

		<!-- custom javascript -->
		<scripts>
            <![CDATA[
                $(document).ready(function() {
                    
                });
            ]]>
        </scripts>

		<!-- custom styles -->
		<styles>
            <![CDATA[
                
            ]]>
        </styles>
	</configuration>
</extentreports>